item,rank,image
Confusion in the Ranks,4,9/d/9d46aca2-4714-4d2c-9466-5f1c043b8726.jpg
Dissension in the Ranks,4,2/c/2c1b563a-7856-40bf-954a-a0110ed4880d.jpg
Dockside Extortionist,5,9/e/9e2e3efb-75cb-430f-b9f4-cb58f3aeb91b.jpg
Endless Ranks of the Dead,4,1/5/155ae16c-f32b-421d-a92a-bf13d9f32891.jpg
Growing Ranks,3,6/e/6ea45414-4047-4921-b77d-dfcba2fe7694.jpg
Illness in the Ranks,3,9/8/989a68c1-3b76-4c2d-9db3-23c45be3f9ff.jpg
Jeweled Lotus,5,d/7/d7183700-6941-4a3d-a581-4f33bea795e9.jpg
Join the Ranks,3,e/2/e27e2eb4-d48b-43c3-bd19-e1748f310c54.jpg
Mana Crypt,5,4/d/4d960186-4559-4af0-bd22-63baa15f8939.jpg
Sol Ring,1,8/2/82f1a8a3-7fdb-49a3-9649-b5c0b4755cd5.jpg